case_id,xlong,ylat
pa,-77.9644764,40.7106224
vt,-73.0832,44.8109
ny,-76.66,42.73
md,-76.921753,39.022774
de,-75.385473,38.690113
ma,-72.6006,42.4769Ê